point_id,source_px_x,source_px_y,target_px_x,target_px_y
GCP_0000,368.0,16.0,320.797,16.586
GCP_0001,352.0,32.0,304.9378,33.0396
GCP_0002,360.0,32.0,313.2892,31.5448
GCP_0003,432.0,296.0,456.5094,288.6862
GCP_0004,424.0,304.0,447.5588,294.5828
GCP_0005,432.0,304.0,456.148,296.055
GCP_0006,440.0,304.0,464.7422,298.2815
GCP_0007,424.0,312.0,447.8386,303.1692
GCP_0008,432.0,312.0,457.3194,305.4037
GCP_0009,440.0,312.0,470.8323,304.1882
GCP_0010,16.0,480.0,32.3579,386.8444
GCP_0011,16.0,488.0,32.1194,393.5224
